ID,Latitude,Longitude
102614001,64.857556,-147.836461
139940001,33.753068,-84.385282
139959001,33.948005,-83.377322
101240001,33.993977,-85.990784
106458001,35.842815,-90.67703
106397001,36.067832,-94.173655
182670001,43.704441,-72.288693
183938001,39.946983,-75.118226
185828001,40.742334,-74.179341
186131001,40.348679,-74.659327
186645001,40.609526,-74.688894
196149001,42.591807,-76.197375
198136001,35.408337,-78.73943
126562003,39.745065,-104.837646
127565001,39.743892,-105.004463
170541001,42.226312,-85.681438
176071003,30.393492,-88.646445
176080001,33.455174,-88.794377
238032001,39.63614,-79.955936
240417001,44.869549,-91.927671
240453001,43.078263,-87.881969
240480001,44.528244,-89.569507
243744001,37.427475,-122.169719
455114001,43.61409,-116.50725
212160001,41.871572,-80.120803
217156001,41.826772,-71.402548
217484002,41.492228,-71.422471
217484003,41.836365,-71.410118
236939001,46.731923,-117.154212
236948001,47.655335,-122.30352
230861001,44.280804,-72.573953
231624001,37.271674,-76.713378
228723001,30.61872,-96.336483
110635001,37.871899,-122.25854
110653001,33.640495,-117.844296
134130001,30.441878,-84.298489
134097001,29.643632,-82.35493
230746001,40.672339,-111.944375
209807001,45.511757,-122.684286
198419001,36.001426,-78.938229
200004001,35.308922,-83.184378
204857001,39.324358,-82.101389
207388001,36.127024,-97.073722
209551001,44.04483,-123.072606
209542001,44.563781,-123.279444
152080001,41.705572,-86.235339
153603001,42.026619,-93.646465
153658001,41.662696,-91.5549
155399001,39.197444,-96.584725
161253001,44.899934,-68.666782
166027001,42.377003,-71.11666
166027002,42.335656,-71.104143
176017001,34.364732,-89.538443
178396001,38.940381,-92.327738
190415001,42.453449,-76.473503
196088001,43.000809,-78.78897
126614001,40.007581,-105.265942
219356001,44.317631,-96.781753
228778001,30.284918,30.284918
230038001,40.251843,-111.649316
110705001,34.413963,-119.848947
126818001,40.573436,-105.086547
127741001,40.405512,-104.696038
166629001,42.391157,-72.526712
199120001,35.904912,-79.046913
218663001,33.996112,-81.027428
105330001,35.188945,-111.620766
106467001,35.29336706,-93.13472791
121691006,33.85587696,-118.2915951
127918006,39.84781638,-104.9792685
131159001,38.940315,-77.088596
131283001,38.93331334,-76.99604731
131496002,38.89730992,-77.01195464
132903015,28.765778,-81.276553
135726001,25.71652087,-80.27936884
135726002,25.78812311,-80.21210766
139658003,33.76954726,-84.38525769
139658005,33.75183439,-84.38202768
141796001,21.26879644,-157.801381
142276001,42.86314424,-112.4343945
152248001,41.58832289,-87.47615684
155399002,38.829855,-97.616195
157447001,39.02022,-84.44016
157483003,36.60859299,-88.30450962
167358003,47.62204159,-122.3372429
169910005,42.96148154,-85.65568585
171100001,42.653979,-84.492032
141574002,21.29584238,-157.8637181
141574001,21.30350828,-157.8141532
141644001,21.31027182,-157.8593993
141644003,21.342885,-157.716302
141811001,21.410205,-157.964616
141644002,21.417372,-157.811961
135717006,25.47424759,-80.47508638
135717003,25.67215027,-80.37760263
133951002,25.75837536,-80.2429381
133951001,25.76105466,-80.37619549
133951004,25.766457,-80.191319
135717001,25.77758972,-80.19122527
133951007,25.78098215,-80.13240111
135081007,25.796061,-80.360119
133997004,25.85600763,-80.31866775
135717002,25.87688106,-80.24694897
132471001,25.87884806,-80.19614993
136215003,25.92910039,-80.16512028
227377001,25.98174,-97.53534
132709009,25.98742191,-80.30265851
132709003,26.00594239,-80.23495632
133997002,26.00932955,-80.24757103
136215001,26.07760984,-80.24256497
132709001,26.07903997,-80.23401792
132709004,26.11941482,-80.14101734
133997005,26.17086482,-80.20339128
229319001,26.194287,-97.686999
132709002,26.2415376,-80.17177702
227368001,26.3031864,-98.17433958
133669001,26.37625655,-80.11417161
136358003,26.37938638,-80.09988674
433660001,26.46419067,-81.77300836
133997008,26.54283977,-80.09086201
133508001,26.55075434,-81.88745962
136358001,26.61638685,-80.08725339
136358004,26.84039721,-80.08390993
133669003,26.885753,-80.11450833
134608005,27.321528,-80.418405
134608001,27.42554,-80.35754151
135391001,27.43856532,-82.59178523
228705001,27.514425,-97.86085
226152001,27.57287948,-99.43140181
224147001,27.71840502,-97.3314075
224350003,27.75344824,-97.39732459
224350001,27.76741507,-97.40770891
137078007,27.77725744,-82.7285295
137078004,27.83800906,-82.72969439
224350005,27.8563202,-97.63579337
137847001,27.94523873,-82.46500605
134495001,27.97411957,-82.51096915
132693004,27.99338329,-80.6309955
136516002,27.99673401,-81.89071373
136516001,28.03029617,-81.71261827
134495003,28.03032841,-82.10494571
133881001,28.06469365,-80.61882337
137351001,28.07403892,-82.39596342
137078008,28.12283577,-82.76023019
132693002,28.17093831,-80.67186657
136400001,28.27571223,-82.64633063
137032001,28.33567418,-82.25086128
179894033,28.36179562,-80.68477035
132903009,28.42896417,-81.44182208
390701001,28.43464783,-81.42716056
132903010,28.52190321,-81.46341774
138187002,28.52190321,-81.46341774
132903012,28.5465029,-81.38587672
138187003,28.55312486,-81.25062807
136400003,28.565743,-82.376785
134237001,28.59638599,-81.30120952
132903001,28.60102667,-81.1972658
132693003,28.621623,-80.840117
426314096,28.67078899,-81.38436582
132903017,28.67860155,-81.4190916
137209005,28.67860155,-81.4190916
179894027,28.705154,-81.420524
137209001,28.74563009,-81.30466805
133386005,29.01546845,-81.24629966
132903004,29.16569942,-82.17803276
132851003,29.18644772,-82.15103084
133553001,29.18883624,-81.04959658
132903008,29.19767908,-81.05371418
133386001,29.19767908,-81.05371418
228316001,29.213418,-99.791665
246354001,29.32534977,-98.54793492
229841001,29.32968,-96.0612
227854001,29.41345823,-98.45450665
229027002,29.421586,-98.523179
227924001,29.44555906,-98.49925619
225627001,29.46667723,-98.46373412
484756014,29.539652,-98.551914
229027001,29.567119,-98.605723
225414001,29.57762502,-95.10666481
227979003,29.58134848,-95.20290845
225423030,29.6418569,-95.38958775
227979001,29.65728105,-95.11457922
227757001,29.66014215,-95.44186876
137096001,29.68125424,-82.43039699
225511001,29.71809062,-95.3364829
225423019,29.72135614,-95.45796101
229063001,29.72464641,-95.36273102
225423001,29.73854816,-95.3760238
225423033,29.75190468,-95.33167724
225432001,29.76623743,-95.36007419
225423005,29.78094613,-95.25912233
225423002,29.78698235,-95.3675642
225423009,29.78739379,-95.56089772
159966001,29.789115,-90.822503
225423010,29.79033162,-95.71409976
185572001,29.792326,-93.934019
227979002,29.80887842,-95.18224615
225423007,29.84086037,-95.42543393
227182014,29.86833435,-95.46877599
222992021,29.87964,-97.66674
228459001,29.88652008,-97.93655428
137281003,29.90390976,-81.35888494
227182006,29.91095752,-95.6920473
160755001,29.93531626,-90.12373433
227182012,29.93979514,-95.40598655
160755002,29.95525107,-90.07657851
158662001,29.98392495,-90.10492564
158662010,29.986801,-90.166314
227182002,30.00994604,-95.37774186
227182015,30.0213035,-95.44541892
133997014,30.02192355,-95.43138177
186584001,30.023483,-90.777906
159939001,30.03057026,-90.06335875
227182004,30.05167689,-95.24555218
226091001,30.06887,-94.099348
227526001,30.081335,-95.992865
223427001,30.15893798,-96.40729851
159717001,30.18098549,-93.21847596
133997006,30.19594126,-81.75076344
227182005,30.21069823,-95.46694197
222992013,30.21557907,-97.7960605
434061001,30.2165694,-92.05258087
160658001,30.21718601,-92.01903562
222992007,30.23656238,-97.70349218
133702008,30.24986094,-81.89119356
136172001,30.27066824,-81.51043135
133702005,30.29123571,-81.51039753
133702003,30.30270083,-81.71961371
134130002,30.35039541,-81.66364688
176071002,30.40614616,-89.00978951
159391001,30.41576021,-91.16909196
133650001,30.42616363,-84.2855268
160621001,30.426458,-91.109438
137759001,30.44616799,-84.34249725
437103001,30.447231,-91.129088
222992023,30.45735042,-97.60102317
136473001,30.47870338,-87.203796
222992002,30.48147789,-97.83333303
160612001,30.510346,-90.459565
222992020,30.5372478,-97.85125164
138354001,30.54909224,-87.21527193
185590001,30.599866,-89.983285
137759002,30.620089,-84.419787
227881001,30.6885,-95.57238
102094001,30.69631716,-88.17408354
176071001,30.78150352,-89.13938944
141264001,30.84778162,-83.28732123
228608001,31.07168205,-97.35178595
223816001,31.121623,-97.720447
102368004,31.233884,-85.403767
222822001,31.28948391,-94.73205325
176372001,31.32795595,-89.3329767
222831001,31.44347869,-100.4683741
223232001,31.45549,-97.098132
138691001,31.58566851,-84.20815205
228431001,31.62265922,-94.65232199
224642001,31.75149799,-106.3652679
160038001,31.755063,-93.10124
228796002,31.76694483,-106.4904377
228796001,31.77051792,-106.5041491
224642007,31.7738364,-106.3699832
102368001,31.797868,-85.959935
227304001,31.86604184,-102.3820229
229018001,31.88816914,-102.324113
224642004,31.899322,-106.414327
224642005,31.90381273,-106.5833214
138789001,31.98373525,-81.15720124
140447003,32.03234105,-81.09153544
175786005,32.0521131,-90.62433916
140951001,32.07313686,-81.09402013
224554004,32.0740304,-96.49902415
227146001,32.0740304,-96.49902415
105525005,32.16564168,-110.8176154
228529001,32.21394233,-98.21649367
175786001,32.22396,-90.44304
105525001,32.22506417,-111.0119095
104179001,32.228886,-110.952157
105525015,32.231493,-111.013919
105525016,32.231493,-111.013919
105525010,32.23579174,-110.9946099
187620001,32.27707635,-106.7546545
188030001,32.279674,-106.759683
175856001,32.288941,-90.186095
228802001,32.3126207,-95.24974703
176017002,32.32872387,-90.17553663
229355001,32.33443353,-95.28381282
100724001,32.36636312,-86.29613082
100830001,32.36789101,-86.17275871
226019001,32.37698886,-94.87295811
482158003,32.385663,-83.348675
139931001,32.444047,-81.745328
139366002,32.4629979,-84.99462954
139366001,32.50429152,-84.93818656
159647001,32.52799014,-92.64930812
159993001,32.52830842,-92.0755737
482158004,32.53317851,-82.93716653
158431001,32.53821846,-93.64741116
483045002,32.59640132,-83.65640257
100858001,32.602139,-85.508496
482158002,32.636119,-83.641763
228547005,32.64108934,-97.07509401
123800001,32.64292921,-116.9958055
228547002,32.66830856,-97.28922797
104160001,32.672337,-114.502398
224226001,32.7098,-96.9471
228875001,32.71170867,-97.36052622
186034001,32.715451,-96.996819
122339001,32.71801869,-117.1537141
226930001,32.72046489,-96.90169553
224572002,32.72601471,-96.68279148
228769001,32.72898664,-97.11500837
229799001,32.73893916,-97.79317213
113218001,32.74719698,-116.9370676
228547007,32.75698773,-97.33803179
122409001,32.762178,-117.069156
122436001,32.77050926,-117.1895538
224615001,32.7794592,-96.80519699
217819001,32.78372585,-79.93725585
482158001,32.7921,-83.6667
122375001,32.8033586,-117.1640971
484631009,32.80609765,-117.1206829
224572001,32.81264951,-96.65698757
115296001,32.81330687,-117.0062614
115861001,32.82922347,-115.50557
228547004,32.83097096,-97.38744132
140447001,32.832198,-83.656205
228246001,32.84434658,-96.785695
228547003,32.85313658,-97.15748205
110680001,32.87226405,-117.2377713
122384001,32.90869528,-117.1242961
227766001,32.92191703,-96.73543266
218894001,32.92497376,-80.03217876
223524001,32.92543186,-96.85130479
104346001,32.95469796,-111.6528478
175810001,32.96883,-89.910822
184481001,32.968959,-93.445228
228787001,32.97819825,-96.74817953
247834002,33.029555,-96.675345
139861005,33.07347104,-83.26147264
485111001,33.0786482,-83.2244033
139861001,33.08086497,-83.22944396
217420001,33.107954,-81.022941
247834003,33.12989776,-96.79879036
366711001,33.13280625,-117.1642545
120971001,33.14723176,-117.1851289
100751001,33.20525553,-87.5335871
118912001,33.21463,-117.289157
227216001,33.216321,-97.130801
229179001,33.22648007,-97.12977785
224554001,33.23738521,-95.90877094
364025001,33.29377812,-111.7961588
104151003,33.30710487,-111.6877846
364025002,33.31066757,-111.6751936
105154001,33.39340613,-111.793554
104346003,33.40676717,-111.5460119
145619005,33.41440874,-111.8256536
105154003,33.41864612,-111.827984
104151001,33.422399,-111.927588
105145001,33.45121396,-111.9954041
104151002,33.45251877,-112.0737193
482149001,33.47096186,-81.99140533
482149005,33.47839275,-82.02591288
105330012,33.48315736,-112.0902156
105428001,33.48315736,-112.0902156
485111004,33.50450688,-82.08270855
100663001,33.50590971,-86.7997724
105330013,33.50945203,-111.8811069
105747001,33.50945203,-111.8811069
104717001,33.5095312,-112.1298754
109785008,33.552886,-117.179076
122205001,33.55774548,-117.6651265
485111003,33.56044649,-84.58707042
484631039,33.56123708,-117.1818328
104708001,33.56757263,-112.1884544
133997013,33.57026167,-112.1161249
141334001,33.57045717,-85.09888581
228158001,33.57446817,-102.3676475
229115001,33.58469604,-101.8727669
139311001,33.59632292,-84.33338126
104151004,33.60726342,-112.1600202
139278003,33.642788,-85.234357
101505001,33.64870204,-86.71020269
227401001,33.65181715,-95.52717852
364016001,33.65197193,-112.0106797
120342001,33.66888141,-117.9079107
119216002,33.676996,-117.1693108
116439001,33.67726476,-117.7756587
139658002,33.677484,-83.872134
244437003,33.69000701,-84.27256011
458919006,33.696171,-84.742497
115126001,33.72103,-118.003329
113573001,33.727749,-116.371851
121619003,33.734584,-117.786935
121619001,33.75996895,-117.8900737
139658004,33.76828438,-84.35845235
139755001,33.77141015,-84.39432625
122612010,33.78083212,-117.8618982
117690001,33.78329414,-118.281316
110583001,33.78368448,-118.1222441
110653002,33.78891582,-117.8907306
117645002,33.78994221,-118.1749798
139658001,33.791247,-84.3249
244437001,33.7927831,-84.23588944
111948001,33.79339216,-117.8530835
399212001,33.79468798,-117.7694502
218724001,33.79531082,-79.01898131
140951003,33.7967321,-84.39103937
119216001,33.80684226,-116.9666818
113236001,33.818073,-118.035677
101480001,33.82432075,-85.76380214
117645001,33.83241811,-118.1352452
113236002,33.85062384,-117.9454064
482680003,33.86624556,-83.4258263
110547001,33.86714086,-118.2553408
114859001,33.87410015,-117.9192701
112686001,33.8743341,-118.2137243
140447002,33.87670121,-84.26636819
226833001,33.8775925,-98.51859394
110565001,33.87791544,-117.8895839
113980001,33.88554729,-118.3265952
111887001,33.88745497,-118.0986924
460394001,33.90269,-117.189128
110097001,33.90344284,-118.0165692
460464001,33.91679183,-117.5631341
117715001,33.93080886,-118.3046658
110361001,33.93208012,-117.4257674
187444001,33.932203,-96.435229
140164002,33.93849793,-84.52000104
140012001,33.96349249,-84.06768128
217235001,33.965536,-81.069156
117946001,33.96967703,-118.4161391
121901001,33.97149604,-117.3846283
110671001,33.97561174,-117.3311365
447689001,33.97956218,-84.00111405
139700006,33.994458,-84.859977
125471001,34.00176666,-118.3910919
123961001,34.017658,-118.284157
122977001,34.0190299,-118.4700044
121886001,34.01951497,-118.0379524
117724001,34.02808848,-118.2606636
140164001,34.0321086,-84.58112543
121150001,34.03984982,-118.7074441
113856001,34.04049604,-118.1514083
113111001,34.04225009,-117.1110695
119164001,34.04304779,-117.8474427
110529001,34.04975384,-117.8156971
123961002,34.049807,-118.209245
117788001,34.05615933,-118.2919933
110592001,34.06253946,-118.1690442
121691001,34.0646189,-117.1638291
484631029,34.0659838,-117.5844299
122685009,34.06999455,-117.5526149
101295001,34.07342737,-86.77892426
110662001,34.07514211,-118.4385044
121044003,34.08193938,-118.0737027
117140001,34.09970593,-117.7729359
123527001,34.105653,-117.294667
109785001,34.12893274,-117.8900723
115001002,34.13592813,-118.2412588
112172001,34.13592918,-117.8808884
121044001,34.14590704,-118.1165229
111939001,34.14700811,-117.5703396
441937001,34.16216375,-119.0420955
120421001,34.16315974,-119.1593327
115001001,34.16818091,-118.3213192
187648001,34.17482944,-103.3469191
117733001,34.17577693,-118.4203091
110510001,34.17678191,-117.3301851
117706001,34.18227366,-118.5710382
229780001,34.1865166,-101.7268392
218520001,34.20769574,-82.12270193
199218001,34.22461647,-77.86808653
109785009,34.22948769,-119.1732548
482680002,34.236484,-83.89479
105330014,34.24238686,-110.0568121
198154001,34.2437335,-77.94905309
218025001,34.24426628,-79.81755901
110608001,34.245875,-118.501885
125028001,34.27575881,-119.2304813
175829001,34.27672864,-88.41752193
119137001,34.29759681,-118.8358309
111461001,34.40583112,-118.5734388
262086018,34.40583112,-118.5734388
122889001,34.40639136,-119.6972682
441937004,34.43418082,-119.8117107
125091001,34.47110354,-117.2613146
482680001,34.528036,-83.987193
206914001,34.60877185,-98.43456924
176178001,34.65318,-89.86986
109350001,34.67492993,-118.1872865
217882001,34.69377074,-82.83561462
199281001,34.6941344,-79.19811373
101514002,34.71431923,-86.65574756
100706001,34.7200454,-86.64405607
106245001,34.72317466,-92.33974553
107664001,34.78171019,-92.29728226
100654001,34.792912,-86.569
218113001,34.83001847,-82.37009961
101879001,34.84171,-87.606651
218742002,34.858052,-82.321696
218964001,34.93850563,-81.02868493
229814001,34.97990188,-101.9137374
218742001,34.99426943,-81.96980886
221740001,35.04548406,-85.30010695
198534001,35.06939088,-78.92846215
198543001,35.07154728,-78.894454
106704001,35.07833236,-92.45431899
187532001,35.079105,-106.617227
187985001,35.08660308,-106.6174451
219824001,35.0965089,-85.23781017
220862001,35.11851296,-89.93885341
187532003,35.13550517,-106.5193741
221485002,35.13873785,-90.03663097
222576001,35.18837681,-101.8466612
207500001,35.21036168,-97.44598072
198260001,35.21728712,-80.82945438
107044001,35.247481,-91.726679
113193001,35.280162,-120.656816
110422001,35.29931726,-120.656618
199139001,35.29970535,-80.73521133
198570001,35.30720931,-81.18771933
110486001,35.34861578,-119.1033443
108092001,35.38525172,-94.37425655
207449001,35.38784019,-97.56953811
198260002,35.39079579,-80.84639842
109819001,35.41078232,-118.9736815
207670001,35.44480837,-97.41293508
197887001,35.57051486,-82.55710505
198464001,35.589407,-77.351275
188137001,35.59910038,-106.0017272
198464002,35.61316757,-77.40109113
199856001,35.65086607,-78.70392143
206941001,35.66139618,-97.47865983
219718004,35.6910156,-88.85416147
199856002,35.78448998,-78.58520906
199193001,35.78626138,-78.66316886
220978001,35.84345189,-86.37048281
221643001,35.86607,-84.124099
199856003,35.86690471,-78.53907968
207263001,35.91935079,-94.96713578
221759001,35.956034,-83.937037
199157001,35.97348908,-78.90094196
198455001,35.97441406,-78.88396635
198622001,35.99664945,-79.9242533
199847002,36.059402,-80.321981
199148001,36.065048,-79.80896683
198552001,36.069214,-80.31617
199102001,36.0741776,-79.77596547
199999001,36.08852138,-80.22609258
186380001,36.097423,-114.923904
182281001,36.10951665,-115.1419465
198516001,36.135017,-79.505282
199847001,36.1361284,-80.2779831
219709001,36.13616729,-86.79527992
219718001,36.13666987,-88.51526612
207935001,36.14794399,-95.98614089
221999001,36.15040368,-86.80120013
221838001,36.150761,-86.8641
182005001,36.15912009,-115.2337035
182281002,36.16158968,-115.16536
207388002,36.1644096,-95.9874648
222062002,36.1656202,-82.82774797
221847001,36.182099,-85.461511
207935002,36.19416838,-95.93719541
197869001,36.211626,-81.668282
182005002,36.21956577,-115.1054216
220075001,36.30369799,-82.37231768
123217001,36.32301675,-119.3140482
367459003,36.32735343,-94.09772942
221768001,36.344329,-88.858264
222053001,36.389876,-86.454091
222062004,36.44933172,-83.58147009
219602001,36.53104156,-87.3560318
119067001,36.59375735,-121.8826784
117052001,36.60592581,-119.4577636
157401001,36.6183,-88.25106
186201001,36.642087,-95.156105
119067002,36.64622375,-121.8014066
409698001,36.65489926,-121.8056757
115393001,36.67549004,-121.6652863
156541001,36.744037,-84.165125
114789001,36.76633968,-119.7989993
188100001,36.7702346,-108.166247
233772004,36.78526359,-76.10000365
231651001,36.79861679,-76.19237278
233772007,36.809491,-76.367984
110556001,36.82391,-119.758958
157483006,36.82572314,-88.65785457
232937001,36.84974719,-76.26741892
233772001,36.84988339,-76.2903935
165015001,36.870824,-78.966925
117052005,36.889477,-119.755253
232982001,36.88994782,-76.30347402
233772003,36.89991689,-76.43484072
117052002,36.92348259,-120.0006554
114938001,36.96667586,-121.5618579
110714001,36.97755979,-122.0558357
157951001,36.98679835,-86.45537475
110334001,36.99044758,-121.9289502
157085007,37.05675134,-88.65716199
157483001,37.05675134,-88.65716199
157711003,37.0569133,-84.61903515
157711001,37.05894718,-84.61879967
233754001,37.06413156,-76.42400986
157483004,37.06783424,-88.62182695
231712001,37.070123,-76.50031
230171001,37.09651485,-113.5785993
178341001,37.09789725,-94.45976763
131469007,37.10428196,-76.47969382
233277001,37.13846016,-80.5471702
179566001,37.19855995,-93.27846175
177472001,37.21443762,-93.30310073
234155001,37.23485438,-77.4200757
233949001,37.24636088,-79.97619812
233921001,37.255026,-80.431691
231624002,37.256502,-76.493791
125499001,37.2653195,-122.0137899
166647001,37.269547,-81.66513
114266001,37.29780952,-121.7636593
232566001,37.30152173,-78.39422592
179557001,37.31570806,-89.52707727
122746001,37.3162477,-121.9288369
113333001,37.3192667,-122.0446104
118718001,37.33212054,-120.4780267
117052004,37.33285413,-119.6509133
122755001,37.341891,-121.890214
122931001,37.34930331,-121.9411223
445188001,37.35130585,-120.4323999
232557001,37.3561078,-79.17224219
114716001,37.35760326,-122.1282151
118930001,37.38969799,-121.9860408
155681001,37.39073523,-94.7049316
111434001,37.44717161,-122.2671133
165024001,37.50373,-77.3375
110495001,37.52406027,-120.8584445
122791001,37.53170067,-122.3340271
232414002,37.54570218,-77.43202961
482431004,37.54858665,-122.0585565
234030001,37.54949956,-77.45270407
234030002,37.54949956,-77.45270407
123509001,37.63247967,-122.4597514
111920001,37.64211124,-122.1037755
230728003,37.644259,-109.463425
118976001,37.65076024,-121.0075301
110574001,37.65885695,-122.0621917
118976002,37.66055574,-121.0381874
230603001,37.713174,-113.085548
149231004,37.71446327,-89.22169533
156125001,37.71628831,-97.29681708
149222001,37.71925287,-89.21840183
122597001,37.72091016,-122.4760739
112190001,37.72432416,-122.4522546
366401001,37.730738,-121.691989
112190006,37.74179834,-122.3847068
156620001,37.74303392,-84.30146523
112190007,37.77205488,-122.4212711
122612001,37.77644563,-122.4501391
166823001,37.776737,-76.937881
108667001,37.77994956,-122.2814707
108232001,37.78774182,-122.4007189
118772001,37.7923563,-122.1678361
112190004,37.79541934,-122.4048844
117247001,37.79712481,-122.263791
154800001,37.80487194,-96.88049944
122658002,37.83470872,-121.2194417
125170001,37.87005651,-122.2692774
110574002,37.94805662,-121.9838151
118347001,37.95559462,-122.5496005
178411001,37.956712,-91.771492
151111004,37.96621858,-87.67667758
151306001,37.96621858,-87.67667758
112826001,37.96865415,-122.3404488
113634001,37.97135137,-122.0700092
157085005,37.9766888,-84.53404069
120883001,37.98434534,-121.3099639
122658001,37.99536387,-121.3193244
117894001,38.00533459,-121.8605029
157085001,38.030576,-84.508062
234076001,38.04161645,-78.50194275
155195001,38.06741587,-97.9219549
157085003,38.09751,-84.497054
157386001,38.194098,-83.439956
157289001,38.21556403,-85.76195986
232195002,38.23325991,-77.49408744
123563001,38.23852329,-122.1243888
156921001,38.24576482,-85.75286805
156921003,38.24963127,-85.76327316
127884001,38.26541089,-104.628916
128106001,38.30390912,-104.5809682
123572001,38.343934,-122.699887
163851001,38.3497705,-75.60738523
119331001,38.4042369,-122.4519872
154697001,38.40521791,-98.728934
155025001,38.409293,-96.189099
237525001,38.4224842,-82.42980337
232423001,38.44067097,-78.875086
113096001,38.45468792,-121.4225409
123013001,38.45476999,-122.7174369
143215001,38.51939498,-89.92861213
177968002,38.52458154,-90.01112738
110644001,38.53353894,-121.747565
162122003,38.53631936,-76.6063368
122180001,38.54239376,-121.4914238
110644002,38.55373012,-121.4567749
110617001,38.55385314,-121.4212648
161545001,38.582646,-84.15486
179894001,38.59061283,-90.34543955
232946005,38.61808457,-77.29456246
484631041,38.62210902,-121.5191738
179308001,38.62789047,-90.18860945
179159003,38.62848021,-90.19739434
179867002,38.63464,-90.26310713
179159001,38.63652592,-90.23312059
178244001,38.64198198,-90.46554995
179308002,38.6467541,-90.22365036
179867001,38.64842362,-90.30906801
109208001,38.64935011,-121.348292
178059001,38.659172,-90.456634
109208003,38.66201633,-121.3833332
152637001,38.68666673,-87.52088936
243780006,38.68666673,-87.52088936
131113004,38.68802,-75.382138
178420001,38.703607,-90.29885
444219002,38.72453579,-120.8677901
262031001,38.73910075,-90.63352639
143215003,38.7480659,-90.10388823
232186003,38.75486856,-77.52273329
176965001,38.7605321,-93.73391105
127820001,38.76534911,-104.7848137
179308004,38.76800363,-90.28755616
177968001,38.78505091,-90.49768786
123341001,38.79030613,-121.2148615
233921007,38.80444106,-77.05051221
149231001,38.811295,-89.956641
232186001,38.83011144,-77.30722269
232946001,38.83680671,-77.23877754
232946002,38.83704703,-77.11418935
155061001,38.87198981,-99.33983487
232946009,38.88102099,-77.11729407
232186002,38.88501806,-77.10112677
163657001,38.89061809,-76.82488658
126580001,38.8912821,-104.8000594
131469001,38.898075,-77.043933
131496001,38.905206,-77.07547
177995001,38.90895643,-94.45113277
179894010,38.91388988,-104.8273111
131469002,38.91786667,-77.09073519
131520001,38.92291943,-77.02172272
155210001,38.92744201,-94.72949828
126119003,38.93187928,-122.6143179
146603001,38.95092136,-90.19088697
177065001,38.95678612,-92.32767494
155317001,38.95790916,-95.24737348
129543001,38.962471,-95.254516
163286001,38.992333,-76.952986
184782004,39.01074,-104.866903
162007001,39.01700071,-76.7641703
232946003,39.02900574,-77.39860248
156082001,39.03333997,-95.70156724
178402001,39.03452066,-94.57577344
178402002,39.03452066,-94.57577344
161767001,39.05422866,-76.51172874
155317003,39.05615308,-94.61062748
177995003,39.069552,-94.59468048
127556001,39.07893223,-108.553618
183655003,39.07894839,-74.82116065
163851002,39.09233096,-77.19796845
163426001,39.10254326,-77.15559819
155292001,39.12304106,-94.74779848
126119001,39.12409313,-121.5422989
201885001,39.13059262,-84.52046366
177995006,39.13851757,-94.50550732
201928001,39.14949494,-84.53662555
206622001,39.15026299,-84.47532632
151351001,39.16434407,-86.52159308
151111003,39.16434407,-86.5220376
163426003,39.19471105,-77.25428417
162779001,39.2157109,-76.88494132
201955001,39.23260783,-84.40068464
123341002,39.23640743,-121.0449961
177995002,39.24800921,-94.55302084
163268001,39.252457,-76.71121
151111002,39.25351011,-85.90378516
434672001,39.2541721,-76.72713952
434672003,39.26153475,-76.51286768
163259001,39.29240196,-76.62539907
162928002,39.29680109,-76.59442797
161873001,39.30666056,-76.61637052
161864001,39.32177864,-76.66402149
162928001,39.3291637,-76.61785543
163046001,39.34537796,-76.62204201
163453001,39.34539855,-76.58110729
434672002,39.35310558,-76.48468345
164076001,39.3929734,-76.60457975
446774001,39.43818068,-78.00160051
151324001,39.4685501,-87.40714127
151111010,39.47061002,-87.40779558
144892001,39.48429003,-88.17406451
204024001,39.51030283,-84.73538135
182290001,39.539719,-119.818005
126711001,39.54636118,-107.3243961
168148001,39.595816,-78.560611
230728002,39.60867856,-110.8007308
126289001,39.61029975,-105.0210622
162584001,39.64840519,-78.93260883
110246001,39.64901157,-121.6516644
130943001,39.67629475,-75.75014754
127060001,39.67663906,-104.9594811
184782001,39.70771494,-75.11689718
151263001,39.70804542,-86.13748636
126669001,39.71229897,-105.094747
202480001,39.721166,-84.190652
127909001,39.72147682,-105.1537856
146685001,39.72578116,-89.61390032
126863002,39.72875041,-104.8804471
110538001,39.73025495,-121.842517
130916002,39.74028071,-75.55221846
126942001,39.744761,-105.0033372
126562001,39.74603479,-104.9991835
126775001,39.75113034,-105.222306
178387001,39.75636454,-94.78677633
205470001,39.75818584,-84.19939873
148654001,39.761841,-89.631213
150136002,39.76583,-86.15851189
206604001,39.766782,-84.085913
151111001,39.77174736,-86.17556876
184782005,39.78798,-75.181295
127918001,39.78978891,-105.0311728
150987001,39.80229442,-86.15901319
145619004,39.82088708,-89.64922195
166887001,39.87062,-76.451716
201973001,39.8968145,-83.79764169
127200001,39.90178137,-105.0391197
211927001,39.91944,-75.42048
217059001,39.94562802,-76.72892086
131113014,39.946438,-74.915955
186371001,39.94763078,-75.12299376
216764001,39.950703,-75.6012
129020001,39.953762,-89.54424
212054001,39.9540723,-75.1865428
202806001,39.95920847,-82.99059523
215239001,39.9629017,-75.16627046
215062001,39.963766,-75.198203
131113015,39.96646814,-74.6402096
202222001,39.96847703,-82.98561376
216339001,39.98027108,-75.15705243
215770001,39.99525823,-75.23897578
204796001,39.99936103,-83.01596427
214041001,40.000624,-76.358814
216339003,40.00467763,-75.15214633
212054004,40.020628,-75.1800337
216597001,40.03556856,-75.34775069
212878002,40.04088324,-76.26798008
213367001,40.04133765,-75.15790889
216010001,40.05747448,-77.52234864
211361001,40.06686046,-79.88573417
214111003,40.09180954,-75.31674693
183804001,40.09585246,-74.22150396
165866001,40.098851,-77.022403
145637001,40.108989,-88.23035923
185262001,40.12272985,-74.70346139
147916001,40.12752676,-88.28628929
127200003,40.13853644,-105.1301033
214111001,40.15296,-75.274659
150987007,40.15558286,-85.40500338
216339002,40.16618065,-75.19563741
178615001,40.18990298,-92.58097753
151111007,40.19496349,-85.41544964
150136001,40.197741,-85.40904852
185509002,40.221848,-74.76422195
211307001,40.23424261,-74.95277599
214111002,40.24382892,-75.65358629
187134001,40.26508977,-74.80057906
230737001,40.27516516,-111.7071169
186283001,40.30177267,-74.7378382
183859001,40.32612456,-74.13190454
210605004,40.32892463,-79.931861
178624001,40.35446598,-94.882775
186283002,40.35700014,-74.65409022
151111006,40.368719,-86.877988
243780001,40.368719,-86.877988
126207001,40.41056375,-104.761226
212106001,40.43777818,-79.99144128
211440001,40.44295887,-79.94108423
215293001,40.44461634,-79.95259949
210605001,40.4500349,-80.01590451
149772001,40.46254952,-90.6818281
213349001,40.50931021,-75.78441355
145813001,40.50938249,-88.9895847
185536001,40.51561952,-74.35750206
151801001,40.51949387,-85.66806538
215655001,40.52170857,-80.20974451
230746006,40.57410842,-111.901663
180902003,40.57552028,-98.32657721
190619001,40.57808753,-73.93418387
190558001,40.60134307,-74.15039399
213543001,40.60727538,-75.37916244
213020001,40.61457058,-79.15783758
195809002,40.62121577,-74.09070051
190549001,40.63211835,-73.95281622
123299001,40.6572,-122.33682
190646001,40.66633452,-73.95673274
214379001,40.67473864,-75.32651348
197708003,40.68103,-73.97703244
185129001,40.69386,-74.07882
192439001,40.695472,-73.992723
193900019,40.695472,-73.992723
190655001,40.69553934,-73.98785453
145600003,40.69594565,-89.59568774
143358001,40.69647605,-89.61599457
190594001,40.69804772,-73.94780702
190691001,40.699605,-73.799982
181215001,40.700572,-99.09397545
194310001,40.706088,-74.004447
145682001,40.708299,-89.522384
191649001,40.7163239,-73.59779732
190521001,40.71637861,-74.01091668
195809001,40.722867,-73.788363
186584002,40.72417185,-74.17242155
190664001,40.72816,-73.818582
193900001,40.73009004,-73.99787136
193478001,40.73015324,-73.59046605
188429001,40.73314912,-73.60520942
230746002,40.73402098,-111.8857675
195809003,40.7351,-73.1173
193654001,40.7353818,-73.99724146
190594004,40.73775049,-73.97637047
190512001,40.73897127,-73.98459077
186399001,40.74054233,-74.17267707
193900002,40.74159316,-73.97484675
186399002,40.74431805,-74.19043892
186867001,40.7452002,-74.02797097
190673001,40.7465,-73.761707
197708002,40.74662351,-73.97922474
190628001,40.74847,-73.93918
193016005,40.75002531,-73.98651234
196042001,40.75194687,-73.42233103
191126001,40.75205,-73.994517
145682003,40.75286712,-89.61218754
191241002,40.76346899,-73.96857641
230764001,40.76454161,-111.8503166
194091004,40.76971471,-73.98255699
190600001,40.77062256,-73.98833896
181640002,40.77071177,-97.0453399
194091001,40.78278,-73.59024
196468001,40.8097195,-73.95988519
192448001,40.80983228,-73.62792463
190150001,40.81207,-73.954377
181640001,40.81793088,-96.59754122
190585001,40.8182473,-73.9271802
190567001,40.8194156,-73.95017084
181464001,40.821099,-96.711844
167905001,40.841029,-73.694052
190150002,40.84126828,-73.94043917
197708001,40.85102836,-73.93064252
197708004,40.85103039,-73.84437875
190530001,40.85698996,-73.90995505
191241001,40.8611,-73.8876
201104001,40.862307,-82.31995314
193308001,40.868013,-73.896417
214777001,40.870717,-77.83415
115755001,40.87237823,-124.0795974
190637001,40.87489791,-73.89317779
184603001,40.89555362,-74.03038169
193308002,40.91028949,-73.77920577
196097001,40.92397739,-73.11937817
213020002,40.9443421,-78.99051801
183743001,40.94555775,-74.07118956
212115001,40.99700564,-75.17750616
211158001,41.00766077,-76.44875554
186876001,41.017795,-105.249499
193016001,41.01937877,-73.86973227
167376001,41.024159,-75.185836
214379002,41.03940539,-75.30643462
202763001,41.05376823,-83.6515397
216038001,41.063241,-80.053604
197294001,41.07161243,-73.79304068
200800001,41.076672,-81.510338
151290001,41.0790078,-85.11707186
130004001,41.09291643,-73.41943894
206695001,41.10600145,-80.64478863
151102001,41.11415291,-85.11472396
151111005,41.11415291,-85.11472396
194310003,41.12379095,-73.8092701
180814001,41.15140748,-95.91780814
203517001,41.15365786,-81.35129148
128744001,41.16462312,-73.19068421
143279002,41.168134,-90.041316
129242001,41.17619493,-73.27315235
130253001,41.17619493,-73.27315235
230782001,41.19486851,-111.9486689
181303002,41.20725,-95.95527
211644001,41.21106591,-79.38013546
230782002,41.2198,-112.016418
130776001,41.237222,-96.001713
130776002,41.237222,-96.001713
366252001,41.23742131,-77.02811089
181394001,41.2578038,-96.01035774
181002001,41.26488806,-95.9411051
153630001,41.27588551,-95.79423002
129941001,41.291139,-72.96115913
130396001,41.30411048,-72.92728379
130493001,41.31041513,-72.92427201
130794001,41.31092487,-72.92642766
181303001,41.3113609,-95.95664645
201441001,41.376437,-83.650803
215929001,41.40680243,-75.65887105
201104003,41.41235151,-82.07317222
203748001,41.41235151,-82.07317222
130226001,41.42140413,-72.89507496
240727001,41.422527,-105.607196
145336001,41.4486683,-87.71641314
180902002,41.47788606,-97.3840757
143279001,41.47803153,-90.44932576
217484001,41.48316536,-71.52540501
202356001,41.49323728,-81.66994659
202134001,41.50172115,-81.67557314
194240002,41.50198212,-74.00811567
201645001,41.50273893,-81.60733449
130183001,41.53561346,-73.07999139
151111008,41.5567045,-87.33663509
151360001,41.5567045,-87.33663509
152266001,41.58670412,-86.89681527
204945001,41.58876114,-83.53858274
153214006,41.5979829,-93.62750962
153269001,41.60048364,-93.65102685
146612001,41.60544429,-88.07819588
206084002,41.61955384,-83.62072651
243780005,41.6601744,-86.22347231
206084001,41.66300992,-83.61198511
151342001,41.66571087,-86.22318931
128771001,41.68933562,-72.77052505
144005001,41.69154,-87.62171
151111009,41.69234331,-86.23826312
217475001,41.70207113,-71.42027345
147378001,41.702277,-87.82835
153214001,41.70663268,-93.60997112
129020002,41.711768,-72.839345
129215001,41.71623063,-72.21820434
192819001,41.72279018,-73.93647497
165033001,41.72300478,-71.11989478
190840001,41.7248,-73.9051
196176001,41.7409,-74.0821
230728001,41.746323,-111.810684
143118001,41.75494628,-88.34694893
144193001,41.75637858,-87.72229915
129525001,41.76693153,-72.75353778
145619001,41.77767034,-88.09408812
144157001,41.77974468,-87.64469575
144050001,41.78955447,-87.60117178
217475003,41.80745406,-71.41387777
145725001,41.83306362,-87.62913398
144193002,41.84119799,-87.68537089
144865001,41.84431462,-88.07696095
154022001,41.84999195,-90.19788441
145600004,41.87147709,-87.67036879
144281001,41.87448675,-87.62425109
144166001,41.87632208,-87.6743223
148487001,41.87637544,-87.62444333
144740002,41.87809307,-87.62765531
145600001,41.87941,-87.650582
144209001,41.885842,-87.62683507
145725005,41.8884267,-87.63269923
146719002,41.894244,-87.622841
147767002,41.89511671,-87.61601538
144351001,41.89795182,-87.80781714
149532001,41.9130038,-87.84020304
144865008,41.91674426,-88.1402709
144740001,41.92447894,-87.65348628
147703001,41.93083785,-88.77826147
144184001,41.96528994,-87.65901849
146719001,41.99937886,-87.66058197
144944001,42.01652842,-88.33445792
181491001,42.04746668,-97.39241213
147767001,42.04985896,-87.6792719
149842001,42.07610355,-88.06907413
196079001,42.09521045,-75.96456141
164924001,42.09684686,-71.51170183
167534001,42.09684686,-71.51170183
167987001,42.09684686,-71.51170183
191986001,42.1144,-79.2195
189547001,42.13768575,-75.90502566
168263001,42.13814949,-72.7562089
170444001,42.16741864,-84.40513307
210146001,42.18828035,-122.6976708
166133001,42.1955325,-72.65114151
183655001,42.208715,-114.593476
169798001,42.233132,-83.623767
147004001,42.25182663,-88.35681026
167358001,42.26597615,-71.11597195
168430001,42.26762393,-71.84376983
168421001,42.27403609,-71.80669089
170976001,42.27549421,-83.74303831
172699001,42.28435943,-85.61153901
166647002,42.28988148,-71.41518989
170541002,42.29289198,-85.58471155
170240001,42.31142958,-83.22706031
171137001,42.31270023,-83.22730139
172200002,42.32333362,-83.37462178
209940005,42.32546572,-122.870279
172635001,42.32665591,-83.05658267
165112001,42.3322209,-71.01643176
166638001,42.3322209,-71.01643176
164988002,42.33349578,-71.07368909
170240002,42.33890994,-83.25943346
164988001,42.34934611,-71.10046507
168148002,42.34980079,-71.06148923
168005001,42.358664,-71.071293
146472002,42.36000188,-87.83125507
146472001,42.36047441,-88.0094527
172644001,42.36323577,-83.05848987
166683001,42.37581881,-71.11839924
164739001,42.38892026,-71.24232503
172635002,42.41929628,-83.22156407
172200001,42.42074271,-83.43280019
191968001,42.4222,-76.5
196158001,42.425716,-79.34028
171535002,42.45686339,-83.21399017
167312002,42.46052877,-70.94336766
154572001,42.47925412,-96.34601561
196185001,42.48102,-75.07044
171535003,42.48416315,-83.14638244
153524001,42.490888,-94.19979784
169479024,42.49507638,-83.08516588
167729001,42.5026379,-70.89071428
196565001,42.5043,-76.2824
154095001,42.509279,-92.460752
170790001,42.51581,-82.981163
142115004,42.57795398,-114.4850725
142559001,42.57795398,-114.4850725
170790002,42.62444395,-82.95342004
166513001,42.63887273,-71.3217144
166887002,42.64506486,-71.30641996
240055011,42.6497339,-89.05593081
171571001,42.65796,-83.18652
196060001,42.6895,-73.8202
191719001,42.6958,-73.6859
154493015,42.705031,-89.006424
167376002,42.70777834,-71.16843532
194824001,42.7312,-73.6832
170657002,42.731731,-84.637521
170657001,42.73739609,-84.55070476
169479032,42.77375126,-86.0773165
166513002,42.781433,-71.084197
219471001,42.78263002,-96.9254325
196167001,42.79577562,-77.8248182
240189001,42.83504694,-88.74141703
169479001,42.85125619,-85.52783369
191199001,42.8678,-77.2419
191083001,42.8822961,-78.873031
165820001,42.882757,-78.877245
196130001,42.93333518,-78.87706377
170082002,42.96344829,-85.67940684
170082001,42.974447,-85.930121
194222001,43.0052,-76.1962
191339001,43.0169,-78.1382
171146001,43.01765294,-83.68985036
169275001,43.01831407,-83.67045393
239248003,43.01929902,-88.00118709
183026001,43.03826919,-71.45365555
239105001,43.03874301,-87.92799407
154493017,43.03894088,-89.45624402
196413001,43.0402,-76.137
239248001,43.04302904,-87.9202574
240462001,43.04640206,-89.32815558
240444001,43.0740381,-89.40339722
240125001,43.07605276,-88.2533744
193283001,43.0768,-75.2196
196264001,43.07746951,-73.78146251
195003001,43.0848,-77.6754
193326001,43.0972,-77.6106
238263007,43.10674576,-89.3572072
238263001,43.12016763,-89.33034467
195030001,43.13186363,-77.62217493
183044001,43.13792331,-70.9343377
193946001,43.1434,-78.8772
196121001,43.20960377,-77.96121527
169910012,43.24818896,-86.19397104
170082007,43.24818896,-86.19397104
172699006,43.24818896,-86.19397104
240055010,43.32458041,-90.38256831
196246002,43.3508,-73.6559
169521002,43.40925029,-83.89655535
196194001,43.451477,-76.501703
161457001,43.474441,-70.452039
172051001,43.51960983,-83.97350313
169521001,43.561826,-83.987515
169910003,43.561826,-83.987515
455114002,43.595223,-116.536483
169248001,43.597602,-84.778009
142115001,43.60363603,-116.2012821
161554001,43.68219496,-70.44129586
169910001,43.70865506,-85.48425905
161554002,43.72360765,-70.25557016
240329001,43.81288985,-91.23073743
142522001,43.818343,-111.782192
174738001,44.01238024,-92.4194919
209038001,44.01400933,-123.0335945
240365001,44.02618649,-88.55144809
174817001,44.03766,-91.6749
175272001,44.03766,-91.6749
209038007,44.048907,-123.0942767
208318001,44.07540013,-121.3488346
173920001,44.160927,-93.995246
175078001,44.45378143,-95.75683097
231174001,44.48762457,-73.23148283
240277001,44.53255571,-87.93016859
209074005,44.54865868,-122.9062783
209074001,44.58811418,-123.1099382
196246001,44.6944,-73.4661
240268001,44.81426,-91.501979
173799001,44.83339617,-93.05486519
210429001,44.85199572,-123.2364537
240471001,44.86109665,-92.62125677
174914001,44.94175088,-93.18818029
175041001,44.94827901,-93.10989797
174817002,44.95694507,-93.26579314
174020001,44.95876536,-93.0721632
174066001,44.97623371,-93.23394893
174066003,44.97623371,-93.23394893
208390001,44.9763917,-122.9779685
174136001,44.99166638,-93.2303881
175315001,45.04915101,-92.984691
173708001,45.09658852,-93.39486991
174376001,45.10521977,-93.37423083
208406001,45.32457542,-122.5728843
209746001,45.43933184,-122.7276941
209746005,45.50649073,-122.579873
209250001,45.51586824,-122.3966856
174783001,45.55253684,-94.15267264
209746002,45.56309292,-122.8594823
209746003,45.5634281,-122.6742445
208488001,45.56927581,-122.6367322
234933001,45.63694472,-122.6496078
180461001,45.661963,-111.059937
236939002,45.73015834,-122.6339869
173559001,46.28710058,-96.09996945
171456001,46.55,-87.4
234827002,46.592546,-120.532091
142285001,46.730287,-116.996847
174233001,46.811881,-92.075972
174358001,46.86291539,-96.76935628
180489001,46.86321098,-113.9804736
174358002,46.874486,-96.578028
200332001,46.89044696,-96.79976602
234827001,46.99964131,-120.5431291
171128001,47.11616949,-88.53930975
236753001,47.24647981,-122.5212723
235343001,47.31346731,-122.1790744
235343002,47.38462791,-122.2349161
234827007,47.38661264,-122.3014999
235431001,47.38661264,-122.3014999
235097001,47.48993676,-117.5780676
236504001,47.54723349,-122.3519261
236188001,47.57632099,-122.6354862
234669001,47.58448234,-122.1460792
236595001,47.61171702,-122.3188405
236513001,47.61640337,-122.320908
236939003,47.66017422,-117.4050577
235316001,47.66712654,-117.4022157
236692001,47.67466699,-117.3585394
236708001,47.67580343,-117.4596237
142443001,47.67702704,-116.7972564
236072001,47.69868614,-122.3349128
236610001,47.74764508,-122.3557727
235103001,47.81683969,-122.3276956
200280001,47.921534,-97.08600824
235149001,48.00609255,-122.2023354
237011001,48.746494,-122.493289
102553003,60.48770357,-151.1291268
102614002,60.79247801,-161.7766213
102553001,61.18984671,-149.8187641
139700002,34.228469,-84.789525
160755004,29.738237,-95.446438
